rider_name,url
DillierSilvan,https://firstcycling.com/rider.php?r=3303&y=2025
GrovesKaden,https://firstcycling.com/rider.php?r=61988&y=2025
MeurisseXandro,https://firstcycling.com/rider.php?r=12482&y=2025
PhilipsenJasper,https://firstcycling.com/rider.php?r=45363&y=2025
RickaertJonas,https://firstcycling.com/rider.php?r=20832&y=2025
van der PoelMathieu,https://firstcycling.com/rider.php?r=16672&y=2025
VermeerschGianni,https://firstcycling.com/rider.php?r=7964&y=2025
VerstryngeEmiel,https://firstcycling.com/rider.php?r=122204&y=2025
CapiotAmaury,https://firstcycling.com/rider.php?r=19254&y=2025
CostiouEwen,https://firstcycling.com/rider.php?r=118611&y=2025
DémareArnaud,https://firstcycling.com/rider.php?r=2337&y=2025
GarcíaRaúl,https://firstcycling.com/rider.php?r=114755&y=2025
Le BerreMathis,https://firstcycling.com/rider.php?r=104697&y=2025
RodriguezCristian,https://firstcycling.com/rider.php?r=16947&y=2025
VauquelinKévin,https://firstcycling.com/rider.php?r=99667&y=2025
VenturiniClément,https://firstcycling.com/rider.php?r=21921&y=2025
BauhausPhil,https://firstcycling.com/rider.php?r=16816&y=2025
BuitragoSantiago,https://firstcycling.com/rider.php?r=81835&y=2025
GradekKamil,https://firstcycling.com/rider.php?r=6555&y=2025
HaigJack,https://firstcycling.com/rider.php?r=19784&y=2025
MartinezLenny,https://firstcycling.com/rider.php?r=159196&y=2025
MohoricMatej,https://firstcycling.com/rider.php?r=16687&y=2025
StannardRobert,https://firstcycling.com/rider.php?r=44537&y=2025
WrightFred,https://firstcycling.com/rider.php?r=63055&y=2025
AranburuAlex,https://firstcycling.com/rider.php?r=27307&y=2025
BuchmannEmanuel,https://firstcycling.com/rider.php?r=9344&y=2025
CoquardBryan,https://firstcycling.com/rider.php?r=16752&y=2025
IzagirreIon,https://firstcycling.com/rider.php?r=2977&y=2025
RenardAlexis,https://firstcycling.com/rider.php?r=70759&y=2025
TeunsDylan,https://firstcycling.com/rider.php?r=8068&y=2025
ThomasBenjamin,https://firstcycling.com/rider.php?r=43007&y=2025
TouzéDamien,https://firstcycling.com/rider.php?r=27304&y=2025
ArmirailBruno,https://firstcycling.com/rider.php?r=22272&y=2025
BerthetClément,https://firstcycling.com/rider.php?r=57961&y=2025
BisseggerStefan,https://firstcycling.com/rider.php?r=46157&y=2025
GallFelix,https://firstcycling.com/rider.php?r=48547&y=2025
NaesenOliver,https://firstcycling.com/rider.php?r=22682&y=2025
Paret-PeintreAurélien,https://firstcycling.com/rider.php?r=27301&y=2025
ScotsonCallum,https://firstcycling.com/rider.php?r=42175&y=2025
TronchonBastien,https://firstcycling.com/rider.php?r=112241&y=2025
AlbaneseVincenzo,https://firstcycling.com/rider.php?r=37351&y=2025
AsgreenKasper,https://firstcycling.com/rider.php?r=27121&y=2025
BaudinAlex,https://firstcycling.com/rider.php?r=100033&y=2025
HealyBen,https://firstcycling.com/rider.php?r=76245&y=2025
PowlessNeilson,https://firstcycling.com/rider.php?r=37494&y=2025
SweenyHarry,https://firstcycling.com/rider.php?r=44622&y=2025
ValgrenMichael,https://firstcycling.com/rider.php?r=6309&y=2025
van den BergMarijn,https://firstcycling.com/rider.php?r=64658&y=2025
AskeyLewis,https://firstcycling.com/rider.php?r=93347&y=2025
BartheCyril,https://firstcycling.com/rider.php?r=46501&y=2025
GrégoireRomain,https://firstcycling.com/rider.php?r=126678&y=2025
MadouasValentin,https://firstcycling.com/rider.php?r=37379&y=2025
Martin-GuyonnetGuillaume,https://firstcycling.com/rider.php?r=10990&y=2025
PacherQuentin,https://firstcycling.com/rider.php?r=17203&y=2025
PenhoëtPaul,https://firstcycling.com/rider.php?r=105049&y=2025
RussoClément,https://firstcycling.com/rider.php?r=46959&y=2025
ArensmanThymen,https://firstcycling.com/rider.php?r=78129&y=2025
FossTobias,https://firstcycling.com/rider.php?r=37297&y=2025
GannaFilippo,https://firstcycling.com/rider.php?r=27099&y=2025
LauranceAxel,https://firstcycling.com/rider.php?r=95714&y=2025
RodriguezCarlos,https://firstcycling.com/rider.php?r=84926&y=2025
SwiftConnor,https://firstcycling.com/rider.php?r=49662&y=2025
ThomasGeraint,https://firstcycling.com/rider.php?r=716&y=2025
WatsonSam,https://firstcycling.com/rider.php?r=93345&y=2025
BarréLouis,https://firstcycling.com/rider.php?r=75481&y=2025
BraetVito,https://firstcycling.com/rider.php?r=75468&y=2025
GirmayBiniam,https://firstcycling.com/rider.php?r=92666&y=2025
PageHugo,https://firstcycling.com/rider.php?r=94862&y=2025
RexLaurenz,https://firstcycling.com/rider.php?r=71213&y=2025
RutschJonas,https://firstcycling.com/rider.php?r=46161&y=2025
van SintmaartensdijkRoel,https://firstcycling.com/rider.php?r=94620&y=2025
ZimmermannGeorg,https://firstcycling.com/rider.php?r=38803&y=2025
AckermannPascal,https://firstcycling.com/rider.php?r=9746&y=2025
BlackmoreJoe,https://firstcycling.com/rider.php?r=178131&y=2025
BoivinGuillaume,https://firstcycling.com/rider.php?r=1937&y=2025
LouvelMatis,https://firstcycling.com/rider.php?r=63050&y=2025
LutsenkoAlexey,https://firstcycling.com/rider.php?r=6230&y=2025
NeilandsKrists,https://firstcycling.com/rider.php?r=16660&y=2025
StewartJake,https://firstcycling.com/rider.php?r=65036&y=2025
WoodsMichael,https://firstcycling.com/rider.php?r=16569&y=2025
ConsonniSimone,https://firstcycling.com/rider.php?r=20454&y=2025
MilanJonathan,https://firstcycling.com/rider.php?r=80489&y=2025
NysThibau,https://firstcycling.com/rider.php?r=120686&y=2025
SimmonsQuinn,https://firstcycling.com/rider.php?r=95151&y=2025
SkjelmoseMattias,https://firstcycling.com/rider.php?r=77103&y=2025
SkujinsToms,https://firstcycling.com/rider.php?r=3930&y=2025
StuyvenJasper,https://firstcycling.com/rider.php?r=5059&y=2025
TheunsEdward,https://firstcycling.com/rider.php?r=10382&y=2025
BerckmoesJenno,https://firstcycling.com/rider.php?r=94607&y=2025
De BuystJasper,https://firstcycling.com/rider.php?r=9042&y=2025
De LieArnaud,https://firstcycling.com/rider.php?r=113439&y=2025
DriznersJarrad,https://firstcycling.com/rider.php?r=63295&y=2025
GrignardSébastien,https://firstcycling.com/rider.php?r=63035&y=2025
SepulvedaEduardo,https://firstcycling.com/rider.php?r=9451&y=2025
Van EetveltLennert,https://firstcycling.com/rider.php?r=94804&y=2025
Van MoerBrent,https://firstcycling.com/rider.php?r=53489&y=2025
BartaWilliam,https://firstcycling.com/rider.php?r=27190&y=2025
CastrilloPablo,https://firstcycling.com/rider.php?r=106295&y=2025
García CortinaIván,https://firstcycling.com/rider.php?r=11828&y=2025
MasEnric,https://firstcycling.com/rider.php?r=1527&y=2025
MühlbergerGregor,https://firstcycling.com/rider.php?r=16578&y=2025
OliveiraNelson,https://firstcycling.com/rider.php?r=1008&y=2025
RomeoIván,https://firstcycling.com/rider.php?r=139004&y=2025
RubioEiner,https://firstcycling.com/rider.php?r=77970&y=2025
LipowitzFlorian,https://firstcycling.com/rider.php?r=130790&y=2025
MeeusJordi,https://firstcycling.com/rider.php?r=45364&y=2025
MosconGianni,https://firstcycling.com/rider.php?r=28781&y=2025
PithieLaurence,https://firstcycling.com/rider.php?r=96312&y=2025
RoglicPrimoz,https://firstcycling.com/rider.php?r=18655&y=2025
van DijkeMick,https://firstcycling.com/rider.php?r=77102&y=2025
van PoppelDanny,https://firstcycling.com/rider.php?r=7730&y=2025
VlasovAleksandr,https://firstcycling.com/rider.php?r=37281&y=2025
CattaneoMattia,https://firstcycling.com/rider.php?r=6227&y=2025
EenkhoornPascal,https://firstcycling.com/rider.php?r=37308&y=2025
EvenepoelRemco,https://firstcycling.com/rider.php?r=84019&y=2025
MerlierTim,https://firstcycling.com/rider.php?r=8377&y=2025
Paret-PeintreValentin,https://firstcycling.com/rider.php?r=97944&y=2025
SchachmannMax,https://firstcycling.com/rider.php?r=16643&y=2025
Van LerbergheBert,https://firstcycling.com/rider.php?r=8076&y=2025
Van WilderIlan,https://firstcycling.com/rider.php?r=76474&y=2025
DunbarEdward,https://firstcycling.com/rider.php?r=27283&y=2025
DurbridgeLuke,https://firstcycling.com/rider.php?r=2327&y=2025
GroenewegenDylan,https://firstcycling.com/rider.php?r=7720&y=2025
MezgecLuka,https://firstcycling.com/rider.php?r=9234&y=2025
O'ConnorBen,https://firstcycling.com/rider.php?r=42186&y=2025
PlappLucas,https://firstcycling.com/rider.php?r=76065&y=2025
ReindersElmar,https://firstcycling.com/rider.php?r=7988&y=2025
SchmidMauro,https://firstcycling.com/rider.php?r=69502&y=2025
BarguilWarren,https://firstcycling.com/rider.php?r=6104&y=2025
BittnerPavel,https://firstcycling.com/rider.php?r=116819&y=2025
FlynnSean,https://firstcycling.com/rider.php?r=81256&y=2025
Lund AndresenTobias,https://firstcycling.com/rider.php?r=115067&y=2025
MärklNiklas,https://firstcycling.com/rider.php?r=65461&y=2025
NabermanTim,https://firstcycling.com/rider.php?r=64651&y=2025
OnleyOscar,https://firstcycling.com/rider.php?r=120433&y=2025
van den BroekFrank,https://firstcycling.com/rider.php?r=110247&y=2025
BurgaudeauMathieu,https://firstcycling.com/rider.php?r=45754&y=2025
CrasSteff,https://firstcycling.com/rider.php?r=27332&y=2025
DelettreAlexandre,https://firstcycling.com/rider.php?r=41368&y=2025
GachignardThomas,https://firstcycling.com/rider.php?r=107053&y=2025
JeannièreEmilien,https://firstcycling.com/rider.php?r=51041&y=2025
JegatJordan,https://firstcycling.com/rider.php?r=70762&y=2025
TurgisAnthony,https://firstcycling.com/rider.php?r=16637&y=2025
VercherMattéo,https://firstcycling.com/rider.php?r=88419&y=2025
AffiniEdoardo,https://firstcycling.com/rider.php?r=27097&y=2025
BenootTiesj,https://firstcycling.com/rider.php?r=16786&y=2025
CampenaertsVictor,https://firstcycling.com/rider.php?r=19274&y=2025
JorgensonMatteo,https://firstcycling.com/rider.php?r=68206&y=2025
KussSepp,https://firstcycling.com/rider.php?r=48008&y=2025
van AertWout,https://firstcycling.com/rider.php?r=18258&y=2025
VingegaardJonas,https://firstcycling.com/rider.php?r=38195&y=2025
YatesSimon,https://firstcycling.com/rider.php?r=6242&y=2025
AlaphilippeJulian,https://firstcycling.com/rider.php?r=12474&y=2025
DaineseAlberto,https://firstcycling.com/rider.php?r=71333&y=2025
HallerMarco,https://firstcycling.com/rider.php?r=6246&y=2025
HirschiMarc,https://firstcycling.com/rider.php?r=46163&y=2025
LienhardFabian,https://firstcycling.com/rider.php?r=12493&y=2025
MayrhoferMarius,https://firstcycling.com/rider.php?r=77148&y=2025
StorerMichael,https://firstcycling.com/rider.php?r=37447&y=2025
TrentinMatteo,https://firstcycling.com/rider.php?r=3933&y=2025
AlmeidaJoão,https://firstcycling.com/rider.php?r=50303&y=2025
NarvaezJhonatan,https://firstcycling.com/rider.php?r=41249&y=2025
PogacarTadej,https://firstcycling.com/rider.php?r=45992&y=2025
PolittNils,https://firstcycling.com/rider.php?r=18260&y=2025
SivakovPavel,https://firstcycling.com/rider.php?r=37280&y=2025
SolerMarc,https://firstcycling.com/rider.php?r=25726&y=2025
WellensTim,https://firstcycling.com/rider.php?r=6228&y=2025
YatesAdam,https://firstcycling.com/rider.php?r=20147&y=2025
AbrahamsenJonas,https://firstcycling.com/rider.php?r=27229&y=2025
CortMagnus,https://firstcycling.com/rider.php?r=7695&y=2025
FredheimStian,https://firstcycling.com/rider.php?r=127938&y=2025
HoelgaardMarkus,https://firstcycling.com/rider.php?r=16807&y=2025
JohannessenAnders Halland,https://firstcycling.com/rider.php?r=87901&y=2025
JohannessenTobias Halland,https://firstcycling.com/rider.php?r=87900&y=2025
LeknessundAndreas,https://firstcycling.com/rider.php?r=66973&y=2025
WærenskjoldSøren,https://firstcycling.com/rider.php?r=77596&y=2025
BalleriniDavide,https://firstcycling.com/rider.php?r=26504&y=2025
BolCees,https://firstcycling.com/rider.php?r=31208&y=2025
ChampoussinClément,https://firstcycling.com/rider.php?r=51244&y=2025
FedorovYevgeniy,https://firstcycling.com/rider.php?r=75603&y=2025
HiguitaSergio,https://firstcycling.com/rider.php?r=58639&y=2025
TejadaHarold,https://firstcycling.com/rider.php?r=64106&y=2025
TeunissenMike,https://firstcycling.com/rider.php?r=11313&y=2025
VelascoSimone,https://firstcycling.com/rider.php?r=27277&y=2025
